sample	group	short_reads_1	short_reads_2	short_reads_platform
DRR131204	0	DRR131204_1.fastq.gz	DRR131204_2.fastq.gz	ILLUMINA
DRR131205	0	DRR131205_1.fastq.gz	DRR131205_2.fastq.gz	ILLUMINA
DRR131206	0	DRR131206_1.fastq.gz	DRR131206_2.fastq.gz	ILLUMINA
DRR131207	0	DRR131207_1.fastq.gz	DRR131207_2.fastq.gz	ILLUMINA
DRR131208	0	DRR131208_1.fastq.gz	DRR131208_2.fastq.gz	ILLUMINA
DRR131209	0	DRR131209_1.fastq.gz	DRR131209_2.fastq.gz	ILLUMINA
DRR131210	0	DRR131210_1.fastq.gz	DRR131210_2.fastq.gz	ILLUMINA
DRR131211	0	DRR131211_1.fastq.gz	DRR131211_2.fastq.gz	ILLUMINA
DRR131212	0	DRR131212_1.fastq.gz	DRR131212_2.fastq.gz	ILLUMINA
DRR131213	0	DRR131213_1.fastq.gz	DRR131213_2.fastq.gz	ILLUMINA
DRR131214	0	DRR131214_1.fastq.gz	DRR131214_2.fastq.gz	ILLUMINA
DRR131215	0	DRR131215_1.fastq.gz	DRR131215_2.fastq.gz	ILLUMINA
DRR131216	0	DRR131216_1.fastq.gz	DRR131216_2.fastq.gz	ILLUMINA
DRR131217	0	DRR131217_1.fastq.gz	DRR131217_2.fastq.gz	ILLUMINA
DRR131218	0	DRR131218_1.fastq.gz	DRR131218_2.fastq.gz	ILLUMINA
DRR131219	0	DRR131219_1.fastq.gz	DRR131219_2.fastq.gz	ILLUMINA
DRR131220	0	DRR131220_1.fastq.gz	DRR131220_2.fastq.gz	ILLUMINA
DRR131221	0	DRR131221_1.fastq.gz	DRR131221_2.fastq.gz	ILLUMINA
DRR131222	0	DRR131222_1.fastq.gz	DRR131222_2.fastq.gz	ILLUMINA
DRR131223	0	DRR131223_1.fastq.gz	DRR131223_2.fastq.gz	ILLUMINA
DRR131224	0	DRR131224_1.fastq.gz	DRR131224_2.fastq.gz	ILLUMINA
DRR310871	0	DRR310871_1.fastq.gz	DRR310871_2.fastq.gz	ILLUMINA
DRR310872	0	DRR310872_1.fastq.gz	DRR310872_2.fastq.gz	ILLUMINA
DRR310873	0	DRR310873_1.fastq.gz	DRR310873_2.fastq.gz	ILLUMINA
DRR310874	0	DRR310874_1.fastq.gz	DRR310874_2.fastq.gz	ILLUMINA
DRR310875	0	DRR310875_1.fastq.gz	DRR310875_2.fastq.gz	ILLUMINA
DRR310876	0	DRR310876_1.fastq.gz	DRR310876_2.fastq.gz	ILLUMINA
DRR310877	0	DRR310877_1.fastq.gz	DRR310877_2.fastq.gz	ILLUMINA
DRR310878	0	DRR310878_1.fastq.gz	DRR310878_2.fastq.gz	ILLUMINA
DRR310879	0	DRR310879_1.fastq.gz	DRR310879_2.fastq.gz	ILLUMINA
DRR310880	0	DRR310880_1.fastq.gz	DRR310880_2.fastq.gz	ILLUMINA
DRR310881	0	DRR310881_1.fastq.gz	DRR310881_2.fastq.gz	ILLUMINA
DRR310882	0	DRR310882_1.fastq.gz	DRR310882_2.fastq.gz	ILLUMINA
ERR1811624	0	ERR1811624_1.fastq.gz	ERR1811624_2.fastq.gz	ILLUMINA
ERR1811625	0	ERR1811625_1.fastq.gz	ERR1811625_2.fastq.gz	ILLUMINA
ERR1811626	0	ERR1811626_1.fastq.gz	ERR1811626_2.fastq.gz	ILLUMINA
ERR1811627	0	ERR1811627_1.fastq.gz	ERR1811627_2.fastq.gz	ILLUMINA
ERR1811628	0	ERR1811628_1.fastq.gz	ERR1811628_2.fastq.gz	ILLUMINA
ERR1811629	0	ERR1811629_1.fastq.gz	ERR1811629_2.fastq.gz	ILLUMINA
ERR1811630	0	ERR1811630_1.fastq.gz	ERR1811630_2.fastq.gz	ILLUMINA
ERR1811631	0	ERR1811631_1.fastq.gz	ERR1811631_2.fastq.gz	ILLUMINA
ERR1811632	0	ERR1811632_1.fastq.gz	ERR1811632_2.fastq.gz	ILLUMINA
ERR1811633	0	ERR1811633_1.fastq.gz	ERR1811633_2.fastq.gz	ILLUMINA
ERR1811634	0	ERR1811634_1.fastq.gz	ERR1811634_2.fastq.gz	ILLUMINA
ERR1811635	0	ERR1811635_1.fastq.gz	ERR1811635_2.fastq.gz	ILLUMINA
ERR1811636	0	ERR1811636_1.fastq.gz	ERR1811636_2.fastq.gz	ILLUMINA
ERR1811637	0	ERR1811637_1.fastq.gz	ERR1811637_2.fastq.gz	ILLUMINA
ERR1811638	0	ERR1811638_1.fastq.gz	ERR1811638_2.fastq.gz	ILLUMINA
ERR1811639	0	ERR1811639_1.fastq.gz	ERR1811639_2.fastq.gz	ILLUMINA
ERR1811640	0	ERR1811640_1.fastq.gz	ERR1811640_2.fastq.gz	ILLUMINA
ERR1811641	0	ERR1811641_1.fastq.gz	ERR1811641_2.fastq.gz	ILLUMINA
ERR1811642	0	ERR1811642_1.fastq.gz	ERR1811642_2.fastq.gz	ILLUMINA
ERR1811643	0	ERR1811643_1.fastq.gz	ERR1811643_2.fastq.gz	ILLUMINA
ERR1811644	0	ERR1811644_1.fastq.gz	ERR1811644_2.fastq.gz	ILLUMINA
ERR1811645	0	ERR1811645_1.fastq.gz	ERR1811645_2.fastq.gz	ILLUMINA
ERR1811646	0	ERR1811646_1.fastq.gz	ERR1811646_2.fastq.gz	ILLUMINA
ERR1811647	0	ERR1811647_1.fastq.gz	ERR1811647_2.fastq.gz	ILLUMINA
ERR1811648	0	ERR1811648_1.fastq.gz	ERR1811648_2.fastq.gz	ILLUMINA
ERR1811649	0	ERR1811649_1.fastq.gz	ERR1811649_2.fastq.gz	ILLUMINA
ERR1811650	0	ERR1811650_1.fastq.gz	ERR1811650_2.fastq.gz	ILLUMINA
ERR1811651	0	ERR1811651_1.fastq.gz	ERR1811651_2.fastq.gz	ILLUMINA
ERR1811652	0	ERR1811652_1.fastq.gz	ERR1811652_2.fastq.gz	ILLUMINA
ERR1811653	0	ERR1811653_1.fastq.gz	ERR1811653_2.fastq.gz	ILLUMINA
ERR1811654	0	ERR1811654_1.fastq.gz	ERR1811654_2.fastq.gz	ILLUMINA
ERR1811655	0	ERR1811655_1.fastq.gz	ERR1811655_2.fastq.gz	ILLUMINA
ERR1811656	0	ERR1811656_1.fastq.gz	ERR1811656_2.fastq.gz	ILLUMINA
ERR1811657	0	ERR1811657_1.fastq.gz	ERR1811657_2.fastq.gz	ILLUMINA
ERR1811658	0	ERR1811658_1.fastq.gz	ERR1811658_2.fastq.gz	ILLUMINA
ERR1811659	0	ERR1811659_1.fastq.gz	ERR1811659_2.fastq.gz	ILLUMINA
ERR1811660	0	ERR1811660_1.fastq.gz	ERR1811660_2.fastq.gz	ILLUMINA
ERR1811661	0	ERR1811661_1.fastq.gz	ERR1811661_2.fastq.gz	ILLUMINA
ERR2031030	0	ERR2031030_1.fastq.gz	ERR2031030_2.fastq.gz	ILLUMINA
ERR2031031	0	ERR2031031_1.fastq.gz	ERR2031031_2.fastq.gz	ILLUMINA
ERR2031032	0	ERR2031032_1.fastq.gz	ERR2031032_2.fastq.gz	ILLUMINA
ERR257714	0	ERR257714_1.fastq.gz	ERR257714_2.fastq.gz	ILLUMINA
ERR257715	0	ERR257715_1.fastq.gz	ERR257715_2.fastq.gz	ILLUMINA
ERR543992	0	ERR543992_1.fastq.gz	ERR543992_2.fastq.gz	ILLUMINA
SRR1555743	0	SRR1555743_1.fastq.gz	SRR1555743_2.fastq.gz	ILLUMINA
SRR1555744	0	SRR1555744_1.fastq.gz	SRR1555744_2.fastq.gz	ILLUMINA
SRR1555748	0	SRR1555748_1.fastq.gz	SRR1555748_2.fastq.gz	ILLUMINA
SRR1627905	0	SRR1627905_1.fastq.gz	SRR1627905_2.fastq.gz	ILLUMINA
SRR1627907	0	SRR1627907_1.fastq.gz	SRR1627907_2.fastq.gz	ILLUMINA
SRR1793928	0	SRR1793928_1.fastq.gz	SRR1793928_2.fastq.gz	ILLUMINA
SRR1964815	0	SRR1964815_1.fastq.gz	SRR1964815_2.fastq.gz	ILLUMINA
SRR1964816	0	SRR1964816_1.fastq.gz	SRR1964816_2.fastq.gz	ILLUMINA
SRR1964817	0	SRR1964817_1.fastq.gz	SRR1964817_2.fastq.gz	ILLUMINA
SRR1971619	0	SRR1971619_1.fastq.gz	SRR1971619_2.fastq.gz	ILLUMINA
SRR1971623	0	SRR1971623_1.fastq.gz	SRR1971623_2.fastq.gz	ILLUMINA
SRR1971624	0	SRR1971624_1.fastq.gz	SRR1971624_2.fastq.gz	ILLUMINA
SRR1971625	0	SRR1971625_1.fastq.gz	SRR1971625_2.fastq.gz	ILLUMINA
SRR2133563	0	SRR2133563_1.fastq.gz	SRR2133563_2.fastq.gz	ILLUMINA
SRR2133565	0	SRR2133565_1.fastq.gz	SRR2133565_2.fastq.gz	ILLUMINA
SRR2133566	0	SRR2133566_1.fastq.gz	SRR2133566_2.fastq.gz	ILLUMINA
SRR2133847	0	SRR2133847_1.fastq.gz	SRR2133847_2.fastq.gz	ILLUMINA
SRR2133851	0	SRR2133851_1.fastq.gz	SRR2133851_2.fastq.gz	ILLUMINA
SRR2133852	0	SRR2133852_1.fastq.gz	SRR2133852_2.fastq.gz	ILLUMINA
SRR2636951	0	SRR2636951_1.fastq.gz	SRR2636951_2.fastq.gz	ILLUMINA
SRR2637322	0	SRR2637322_1.fastq.gz	SRR2637322_2.fastq.gz	ILLUMINA
SRR2637690	0	SRR2637690_1.fastq.gz	SRR2637690_2.fastq.gz	ILLUMINA
SRR2637706	0	SRR2637706_1.fastq.gz	SRR2637706_2.fastq.gz	ILLUMINA
SRR2637708	0	SRR2637708_1.fastq.gz	SRR2637708_2.fastq.gz	ILLUMINA
SRR2638077	0	SRR2638077_1.fastq.gz	SRR2638077_2.fastq.gz	ILLUMINA
SRR2638107	0	SRR2638107_1.fastq.gz	SRR2638107_2.fastq.gz	ILLUMINA
SRR2656923	0	SRR2656923_1.fastq.gz	SRR2656923_2.fastq.gz	ILLUMINA
SRR2656924	0	SRR2656924_1.fastq.gz	SRR2656924_2.fastq.gz	ILLUMINA
SRR2656925	0	SRR2656925_1.fastq.gz	SRR2656925_2.fastq.gz	ILLUMINA
SRR2656926	0	SRR2656926_1.fastq.gz	SRR2656926_2.fastq.gz	ILLUMINA
SRR2656927	0	SRR2656927_1.fastq.gz	SRR2656927_2.fastq.gz	ILLUMINA
SRR2657076	0	SRR2657076_1.fastq.gz	SRR2657076_2.fastq.gz	ILLUMINA
SRR2657155	0	SRR2657155_1.fastq.gz	SRR2657155_2.fastq.gz	ILLUMINA
SRR2657207	0	SRR2657207_1.fastq.gz	SRR2657207_2.fastq.gz	ILLUMINA
SRR2657208	0	SRR2657208_1.fastq.gz	SRR2657208_2.fastq.gz	ILLUMINA
SRR2657209	0	SRR2657209_1.fastq.gz	SRR2657209_2.fastq.gz	ILLUMINA
SRR2657211	0	SRR2657211_1.fastq.gz	SRR2657211_2.fastq.gz	ILLUMINA
SRR2657213	0	SRR2657213_1.fastq.gz	SRR2657213_2.fastq.gz	ILLUMINA
SRR2657215	0	SRR2657215_1.fastq.gz	SRR2657215_2.fastq.gz	ILLUMINA
SRR2657219	0	SRR2657219_1.fastq.gz	SRR2657219_2.fastq.gz	ILLUMINA
SRR2657222	0	SRR2657222_1.fastq.gz	SRR2657222_2.fastq.gz	ILLUMINA
SRR2657224	0	SRR2657224_1.fastq.gz	SRR2657224_2.fastq.gz	ILLUMINA
SRR2657226	0	SRR2657226_1.fastq.gz	SRR2657226_2.fastq.gz	ILLUMINA
SRR2657233	0	SRR2657233_1.fastq.gz	SRR2657233_2.fastq.gz	ILLUMINA
SRR2657520	0	SRR2657520_1.fastq.gz	SRR2657520_2.fastq.gz	ILLUMINA
SRR2657558	0	SRR2657558_1.fastq.gz	SRR2657558_2.fastq.gz	ILLUMINA
SRR2657566	0	SRR2657566_1.fastq.gz	SRR2657566_2.fastq.gz	ILLUMINA
SRR2657575	0	SRR2657575_1.fastq.gz	SRR2657575_2.fastq.gz	ILLUMINA
SRR2657579	0	SRR2657579_1.fastq.gz	SRR2657579_2.fastq.gz	ILLUMINA
SRR2657582	0	SRR2657582_1.fastq.gz	SRR2657582_2.fastq.gz	ILLUMINA
SRR2657585	0	SRR2657585_1.fastq.gz	SRR2657585_2.fastq.gz	ILLUMINA
SRR2657590	0	SRR2657590_1.fastq.gz	SRR2657590_2.fastq.gz	ILLUMINA
SRR2657594	0	SRR2657594_1.fastq.gz	SRR2657594_2.fastq.gz	ILLUMINA
SRR2657625	0	SRR2657625_1.fastq.gz	SRR2657625_2.fastq.gz	ILLUMINA
SRR2657627	0	SRR2657627_1.fastq.gz	SRR2657627_2.fastq.gz	ILLUMINA
SRR2657909	0	SRR2657909_1.fastq.gz	SRR2657909_2.fastq.gz	ILLUMINA
SRR2657962	0	SRR2657962_1.fastq.gz	SRR2657962_2.fastq.gz	ILLUMINA
SRR2658004	0	SRR2658004_1.fastq.gz	SRR2658004_2.fastq.gz	ILLUMINA
SRR2658026	0	SRR2658026_1.fastq.gz	SRR2658026_2.fastq.gz	ILLUMINA
SRR2915416	0	SRR2915416_1.fastq.gz	SRR2915416_2.fastq.gz	ILLUMINA
SRR2915683	0	SRR2915683_1.fastq.gz	SRR2915683_2.fastq.gz	ILLUMINA
SRR2915692	0	SRR2915692_1.fastq.gz	SRR2915692_2.fastq.gz	ILLUMINA
SRR2915707	0	SRR2915707_1.fastq.gz	SRR2915707_2.fastq.gz	ILLUMINA
SRR30888625	0	SRR30888625_1.fastq.gz	SRR30888625_2.fastq.gz	ILLUMINA
SRR30888626	0	SRR30888626_1.fastq.gz	SRR30888626_2.fastq.gz	ILLUMINA
SRR30888627	0	SRR30888627_1.fastq.gz	SRR30888627_2.fastq.gz	ILLUMINA
SRR30888628	0	SRR30888628_1.fastq.gz	SRR30888628_2.fastq.gz	ILLUMINA
SRR30888629	0	SRR30888629_1.fastq.gz	SRR30888629_2.fastq.gz	ILLUMINA
SRR30888630	0	SRR30888630_1.fastq.gz	SRR30888630_2.fastq.gz	ILLUMINA
SRR30888631	0	SRR30888631_1.fastq.gz	SRR30888631_2.fastq.gz	ILLUMINA
SRR30888632	0	SRR30888632_1.fastq.gz	SRR30888632_2.fastq.gz	ILLUMINA
SRR30888633	0	SRR30888633_1.fastq.gz	SRR30888633_2.fastq.gz	ILLUMINA
SRR30888634	0	SRR30888634_1.fastq.gz	SRR30888634_2.fastq.gz	ILLUMINA
SRR30888635	0	SRR30888635_1.fastq.gz	SRR30888635_2.fastq.gz	ILLUMINA
SRR30888636	0	SRR30888636_1.fastq.gz	SRR30888636_2.fastq.gz	ILLUMINA
SRR30888637	0	SRR30888637_1.fastq.gz	SRR30888637_2.fastq.gz	ILLUMINA
SRR30888638	0	SRR30888638_1.fastq.gz	SRR30888638_2.fastq.gz	ILLUMINA
SRR30888639	0	SRR30888639_1.fastq.gz	SRR30888639_2.fastq.gz	ILLUMINA
SRR30888640	0	SRR30888640_1.fastq.gz	SRR30888640_2.fastq.gz	ILLUMINA
SRR30888641	0	SRR30888641_1.fastq.gz	SRR30888641_2.fastq.gz	ILLUMINA
SRR30888642	0	SRR30888642_1.fastq.gz	SRR30888642_2.fastq.gz	ILLUMINA
SRR30888643	0	SRR30888643_1.fastq.gz	SRR30888643_2.fastq.gz	ILLUMINA
SRR30888644	0	SRR30888644_1.fastq.gz	SRR30888644_2.fastq.gz	ILLUMINA
SRR30888645	0	SRR30888645_1.fastq.gz	SRR30888645_2.fastq.gz	ILLUMINA
SRR30888646	0	SRR30888646_1.fastq.gz	SRR30888646_2.fastq.gz	ILLUMINA
SRR30888647	0	SRR30888647_1.fastq.gz	SRR30888647_2.fastq.gz	ILLUMINA
SRR3223410	0	SRR3223410_1.fastq.gz	SRR3223410_2.fastq.gz	ILLUMINA
SRR3715698	0	SRR3715698_1.fastq.gz	SRR3715698_2.fastq.gz	ILLUMINA
SRR3715733	0	SRR3715733_1.fastq.gz	SRR3715733_2.fastq.gz	ILLUMINA
SRR3723048	0	SRR3723048_1.fastq.gz	SRR3723048_2.fastq.gz	ILLUMINA
SRR3732688	0	SRR3732688_1.fastq.gz	SRR3732688_2.fastq.gz	ILLUMINA
SRR3943820	0	SRR3943820_1.fastq.gz	SRR3943820_2.fastq.gz	ILLUMINA
SRR3943821	0	SRR3943821_1.fastq.gz	SRR3943821_2.fastq.gz	ILLUMINA
SRR3943822	0	SRR3943822_1.fastq.gz	SRR3943822_2.fastq.gz	ILLUMINA
SRR3943823	0	SRR3943823_1.fastq.gz	SRR3943823_2.fastq.gz	ILLUMINA
SRR4023290	0	SRR4023290_1.fastq.gz	SRR4023290_2.fastq.gz	ILLUMINA
SRR4023291	0	SRR4023291_1.fastq.gz	SRR4023291_2.fastq.gz	ILLUMINA
SRR4026059	0	SRR4026059_1.fastq.gz	SRR4026059_2.fastq.gz	ILLUMINA
SRR4026060	0	SRR4026060_1.fastq.gz	SRR4026060_2.fastq.gz	ILLUMINA
SRR4028170	0	SRR4028170_1.fastq.gz	SRR4028170_2.fastq.gz	ILLUMINA
SRR4028790	0	SRR4028790_1.fastq.gz	SRR4028790_2.fastq.gz	ILLUMINA
SRR4030055	0	SRR4030055_1.fastq.gz	SRR4030055_2.fastq.gz	ILLUMINA
SRR4030057	0	SRR4030057_1.fastq.gz	SRR4030057_2.fastq.gz	ILLUMINA
SRR4030059	0	SRR4030059_1.fastq.gz	SRR4030059_2.fastq.gz	ILLUMINA
SRR4030064	0	SRR4030064_1.fastq.gz	SRR4030064_2.fastq.gz	ILLUMINA
SRR4030089	0	SRR4030089_1.fastq.gz	SRR4030089_2.fastq.gz	ILLUMINA
SRR4030090	0	SRR4030090_1.fastq.gz	SRR4030090_2.fastq.gz	ILLUMINA
SRR4069403	0	SRR4069403_1.fastq.gz	SRR4069403_2.fastq.gz	ILLUMINA
SRR4069404	0	SRR4069404_1.fastq.gz	SRR4069404_2.fastq.gz	ILLUMINA
SRR4069405	0	SRR4069405_1.fastq.gz	SRR4069405_2.fastq.gz	ILLUMINA
SRR4069406	0	SRR4069406_1.fastq.gz	SRR4069406_2.fastq.gz	ILLUMINA
SRR4069407	0	SRR4069407_1.fastq.gz	SRR4069407_2.fastq.gz	ILLUMINA
SRR4069408	0	SRR4069408_1.fastq.gz	SRR4069408_2.fastq.gz	ILLUMINA
SRR5112540	0	SRR5112540_1.fastq.gz	SRR5112540_2.fastq.gz	ILLUMINA
SRR5112541	0	SRR5112541_1.fastq.gz	SRR5112541_2.fastq.gz	ILLUMINA
SRR5112542	0	SRR5112542_1.fastq.gz	SRR5112542_2.fastq.gz	ILLUMINA
SRR5112543	0	SRR5112543_1.fastq.gz	SRR5112543_2.fastq.gz	ILLUMINA
SRR5112544	0	SRR5112544_1.fastq.gz	SRR5112544_2.fastq.gz	ILLUMINA
SRR5149189	0	SRR5149189_1.fastq.gz	SRR5149189_2.fastq.gz	ILLUMINA
SRR5189787	0	SRR5189787_1.fastq.gz	SRR5189787_2.fastq.gz	ILLUMINA
SRR5189788	0	SRR5189788_1.fastq.gz	SRR5189788_2.fastq.gz	ILLUMINA
SRR5189789	0	SRR5189789_1.fastq.gz	SRR5189789_2.fastq.gz	ILLUMINA
SRR5204266	0	SRR5204266_1.fastq.gz	SRR5204266_2.fastq.gz	ILLUMINA
SRR5204267	0	SRR5204267_1.fastq.gz	SRR5204267_2.fastq.gz	ILLUMINA
SRR5210834	0	SRR5210834_1.fastq.gz	SRR5210834_2.fastq.gz	ILLUMINA
SRR5210973	0	SRR5210973_1.fastq.gz	SRR5210973_2.fastq.gz	ILLUMINA
SRR5210996	0	SRR5210996_1.fastq.gz	SRR5210996_2.fastq.gz	ILLUMINA
SRR5211005	0	SRR5211005_1.fastq.gz	SRR5211005_2.fastq.gz	ILLUMINA
SRR5214151	0	SRR5214151_1.fastq.gz	SRR5214151_2.fastq.gz	ILLUMINA
SRR5214303	0	SRR5214303_1.fastq.gz	SRR5214303_2.fastq.gz	ILLUMINA
SRR5214304	0	SRR5214304_1.fastq.gz	SRR5214304_2.fastq.gz	ILLUMINA
SRR5215464	0	SRR5215464_1.fastq.gz	SRR5215464_2.fastq.gz	ILLUMINA
SRR5215466	0	SRR5215466_1.fastq.gz	SRR5215466_2.fastq.gz	ILLUMINA
SRR5248164	0	SRR5248164_1.fastq.gz	SRR5248164_2.fastq.gz	ILLUMINA
SRR5248172	0	SRR5248172_1.fastq.gz	SRR5248172_2.fastq.gz	ILLUMINA
SRR5248173	0	SRR5248173_1.fastq.gz	SRR5248173_2.fastq.gz	ILLUMINA
SRR5248174	0	SRR5248174_1.fastq.gz	SRR5248174_2.fastq.gz	ILLUMINA
SRR5277143	0	SRR5277143_1.fastq.gz	SRR5277143_2.fastq.gz	ILLUMINA
SRR5356862	0	SRR5356862_1.fastq.gz	SRR5356862_2.fastq.gz	ILLUMINA
SRR5356863	0	SRR5356863_1.fastq.gz	SRR5356863_2.fastq.gz	ILLUMINA
SRR5356864	0	SRR5356864_1.fastq.gz	SRR5356864_2.fastq.gz	ILLUMINA
SRR5356865	0	SRR5356865_1.fastq.gz	SRR5356865_2.fastq.gz	ILLUMINA
SRR5356866	0	SRR5356866_1.fastq.gz	SRR5356866_2.fastq.gz	ILLUMINA
SRR5356867	0	SRR5356867_1.fastq.gz	SRR5356867_2.fastq.gz	ILLUMINA
SRR5356868	0	SRR5356868_1.fastq.gz	SRR5356868_2.fastq.gz	ILLUMINA
SRR5356869	0	SRR5356869_1.fastq.gz	SRR5356869_2.fastq.gz	ILLUMINA
SRR5356870	0	SRR5356870_1.fastq.gz	SRR5356870_2.fastq.gz	ILLUMINA
SRR5356871	0	SRR5356871_1.fastq.gz	SRR5356871_2.fastq.gz	ILLUMINA
SRR5356872	0	SRR5356872_1.fastq.gz	SRR5356872_2.fastq.gz	ILLUMINA
SRR5356873	0	SRR5356873_1.fastq.gz	SRR5356873_2.fastq.gz	ILLUMINA
SRR5386564	0	SRR5386564_1.fastq.gz	SRR5386564_2.fastq.gz	ILLUMINA
SRR5396644	0	SRR5396644_1.fastq.gz	SRR5396644_2.fastq.gz	ILLUMINA
SRR5409273	0	SRR5409273_1.fastq.gz	SRR5409273_2.fastq.gz	ILLUMINA
SRR5486138	0	SRR5486138_1.fastq.gz	SRR5486138_2.fastq.gz	ILLUMINA
SRR5486139	0	SRR5486139_1.fastq.gz	SRR5486139_2.fastq.gz	ILLUMINA
SRR5486140	0	SRR5486140_1.fastq.gz	SRR5486140_2.fastq.gz	ILLUMINA
SRR5506721	0	SRR5506721_1.fastq.gz	SRR5506721_2.fastq.gz	ILLUMINA
SRR5506727	0	SRR5506727_1.fastq.gz	SRR5506727_2.fastq.gz	ILLUMINA
SRR5560800	0	SRR5560800_1.fastq.gz	SRR5560800_2.fastq.gz	ILLUMINA
SRR5560801	0	SRR5560801_1.fastq.gz	SRR5560801_2.fastq.gz	ILLUMINA
SRR5808805	0	SRR5808805_1.fastq.gz	SRR5808805_2.fastq.gz	ILLUMINA
SRR5808806	0	SRR5808806_1.fastq.gz	SRR5808806_2.fastq.gz	ILLUMINA
SRR5808807	0	SRR5808807_1.fastq.gz	SRR5808807_2.fastq.gz	ILLUMINA
SRR5808808	0	SRR5808808_1.fastq.gz	SRR5808808_2.fastq.gz	ILLUMINA
SRR5808809	0	SRR5808809_1.fastq.gz	SRR5808809_2.fastq.gz	ILLUMINA
SRR5808810	0	SRR5808810_1.fastq.gz	SRR5808810_2.fastq.gz	ILLUMINA
SRR5808811	0	SRR5808811_1.fastq.gz	SRR5808811_2.fastq.gz	ILLUMINA
SRR5808812	0	SRR5808812_1.fastq.gz	SRR5808812_2.fastq.gz	ILLUMINA
SRR5808813	0	SRR5808813_1.fastq.gz	SRR5808813_2.fastq.gz	ILLUMINA
SRR5808814	0	SRR5808814_1.fastq.gz	SRR5808814_2.fastq.gz	ILLUMINA
SRR5808815	0	SRR5808815_1.fastq.gz	SRR5808815_2.fastq.gz	ILLUMINA
SRR5808816	0	SRR5808816_1.fastq.gz	SRR5808816_2.fastq.gz	ILLUMINA
SRR5808817	0	SRR5808817_1.fastq.gz	SRR5808817_2.fastq.gz	ILLUMINA
SRR5808818	0	SRR5808818_1.fastq.gz	SRR5808818_2.fastq.gz	ILLUMINA
SRR5808819	0	SRR5808819_1.fastq.gz	SRR5808819_2.fastq.gz	ILLUMINA
SRR5808820	0	SRR5808820_1.fastq.gz	SRR5808820_2.fastq.gz	ILLUMINA
SRR5808821	0	SRR5808821_1.fastq.gz	SRR5808821_2.fastq.gz	ILLUMINA
SRR5808822	0	SRR5808822_1.fastq.gz	SRR5808822_2.fastq.gz	ILLUMINA
SRR5808823	0	SRR5808823_1.fastq.gz	SRR5808823_2.fastq.gz	ILLUMINA
SRR5808824	0	SRR5808824_1.fastq.gz	SRR5808824_2.fastq.gz	ILLUMINA
SRR5808825	0	SRR5808825_1.fastq.gz	SRR5808825_2.fastq.gz	ILLUMINA
SRR5808826	0	SRR5808826_1.fastq.gz	SRR5808826_2.fastq.gz	ILLUMINA
SRR5808827	0	SRR5808827_1.fastq.gz	SRR5808827_2.fastq.gz	ILLUMINA
SRR5808828	0	SRR5808828_1.fastq.gz	SRR5808828_2.fastq.gz	ILLUMINA
SRR5808829	0	SRR5808829_1.fastq.gz	SRR5808829_2.fastq.gz	ILLUMINA
SRR5808830	0	SRR5808830_1.fastq.gz	SRR5808830_2.fastq.gz	ILLUMINA
SRR5808831	0	SRR5808831_1.fastq.gz	SRR5808831_2.fastq.gz	ILLUMINA
SRR5808832	0	SRR5808832_1.fastq.gz	SRR5808832_2.fastq.gz	ILLUMINA
SRR5808833	0	SRR5808833_1.fastq.gz	SRR5808833_2.fastq.gz	ILLUMINA
SRR5808834	0	SRR5808834_1.fastq.gz	SRR5808834_2.fastq.gz	ILLUMINA
SRR6015035	0	SRR6015035_1.fastq.gz	SRR6015035_2.fastq.gz	ILLUMINA
SRR6015036	0	SRR6015036_1.fastq.gz	SRR6015036_2.fastq.gz	ILLUMINA
SRR6048342	0	SRR6048342_1.fastq.gz	SRR6048342_2.fastq.gz	ILLUMINA
SRR6056555	0	SRR6056555_1.fastq.gz	SRR6056555_2.fastq.gz	ILLUMINA
SRR6056591	0	SRR6056591_1.fastq.gz	SRR6056591_2.fastq.gz	ILLUMINA
SRR6056592	0	SRR6056592_1.fastq.gz	SRR6056592_2.fastq.gz	ILLUMINA
SRR6057435	0	SRR6057435_1.fastq.gz	SRR6057435_2.fastq.gz	ILLUMINA
SRR6057436	0	SRR6057436_1.fastq.gz	SRR6057436_2.fastq.gz	ILLUMINA
SRR6057749	0	SRR6057749_1.fastq.gz	SRR6057749_2.fastq.gz	ILLUMINA
SRR6058386	0	SRR6058386_1.fastq.gz	SRR6058386_2.fastq.gz	ILLUMINA
SRR6058404	0	SRR6058404_1.fastq.gz	SRR6058404_2.fastq.gz	ILLUMINA
SRR6058405	0	SRR6058405_1.fastq.gz	SRR6058405_2.fastq.gz	ILLUMINA
SRR6058406	0	SRR6058406_1.fastq.gz	SRR6058406_2.fastq.gz	ILLUMINA
SRR6058436	0	SRR6058436_1.fastq.gz	SRR6058436_2.fastq.gz	ILLUMINA
SRR6059155	0	SRR6059155_1.fastq.gz	SRR6059155_2.fastq.gz	ILLUMINA
SRR6478753	0	SRR6478753_1.fastq.gz	SRR6478753_2.fastq.gz	ILLUMINA
SRR6478754	0	SRR6478754_1.fastq.gz	SRR6478754_2.fastq.gz	ILLUMINA
SRR6478866	0	SRR6478866_1.fastq.gz	SRR6478866_2.fastq.gz	ILLUMINA
SRR6478915	0	SRR6478915_1.fastq.gz	SRR6478915_2.fastq.gz	ILLUMINA
SRR6479059	0	SRR6479059_1.fastq.gz	SRR6479059_2.fastq.gz	ILLUMINA
SRR6479060	0	SRR6479060_1.fastq.gz	SRR6479060_2.fastq.gz	ILLUMINA
SRR6479061	0	SRR6479061_1.fastq.gz	SRR6479061_2.fastq.gz	ILLUMINA
SRR6823439	0	SRR6823439_1.fastq.gz	SRR6823439_2.fastq.gz	ILLUMINA
SRR6823440	0	SRR6823440_1.fastq.gz	SRR6823440_2.fastq.gz	ILLUMINA
SRR6823441	0	SRR6823441_1.fastq.gz	SRR6823441_2.fastq.gz	ILLUMINA
SRR6823442	0	SRR6823442_1.fastq.gz	SRR6823442_2.fastq.gz	ILLUMINA
